Test1,Test2 ,Test3
1,7,12
2,49,20
4,343,28
8,2401,36
16,16807,44
32,117649,52
64,823543,60
128,5764801,68
256,40353607,76
512,282475249,84
1024,1977326743,92
2048,13841287201,100
4096,96889010407,108
8192,6.78223E+11,116
16384,4.74756E+12,124
32768,3.32329E+13,132
65536,2.32631E+14,140
131072,1.62841E+15,148
